userID,userName,password,email,userType,phoneNum
124,User123RAD1,mynewwpassword,test1@gmail.com,1,123456789
125,Radhika,test,test@gmail.com,2,123456789
126,User1,test2,test2@gmail.com,1,123456789
127,User12,test22,test22@gmail.com,2,123456789
129,User123,test213,test23@gmail.com,1,123456789
131,User124,test214,test213@gmail.com,1,123456789
132,UserNew1,testxxx,test3333@gmail.com,1,123456789
133,John,test213,john@gmail.com,1,NULL
134,User123RAD1,updatedPass,dbcheck@gmail.com,1,NULL
135,User123RAD1,updatedPass,dbcheck1@gmail.com,1,NULL
